Business Name,Email Address,Business Owner Name,Anything Interesting
Sydney Sparks Electrical Pty Ltd,info@sydneysparks.com.au,Michael Thompson,Residential & Commercial | 15+ years experience | Est. 2008 | Licensed Master Electrician
Melbourne Electrical Services,contact@melbourneelectrical.com.au,Sarah Chen,Solar Installation Specialists | 24/7 Emergency Service | 20+ years experience
Brisbane Bright Solutions,admin@brisbanebright.com.au,David Wilson,Commercial & Industrial | Air Conditioning | Est. 2005 | Certified
Perth Power Electrical,hello@perthpower.com.au,James O'Connor,Residential Rewiring | Solar & Battery Storage | 12+ years experience
Adelaide All Hours Electrical,service@adelaideallhours.com.au,Emma Roberts,24/7 Service | Emergency Callout | Licensed | 18+ years experience
Gold Coast Electrical Experts,info@gcelectricalexperts.com.au,Daniel Martinez,Residential & New Builds | Pool & Spa Electrical | Est. 2010
Canberra Circuit Solutions,contact@canberracircuits.com.au,Robert Anderson,Commercial Fit-outs | Data Cabling | Smart Home Installation
Hobart Home Electrical Services,admin@hobarthomeelectrical.com.au,Lisa McDonald,Residential Specialists | Energy Efficiency Audits | 10+ years experience
Newcastle Electrical Contractors,hello@newcastleelectrical.com.au,Peter Brown,Industrial & Mining | Commercial | Est. 2002 | 22+ years experience
Sunshine Coast Sparks,info@sunshinecoastsparks.com.au,Andrew Taylor,Residential & Renovations | LED Lighting | Solar Power | Licensed
