Business Name,Website,Email Address,Business Owner Name,LinkedIn Profile,Anything Interesting
Sydney Electrical Service,https://sydneyelectricalservice.com.au/,[TO BE SCRAPED],[TO BE SCRAPED],[TO BE SCRAPED],[TO BE SCRAPED]
The Local Electrician Sydney Level 2 & Emergency Specialists,https://www.thelocalelectrician.com.au/,[TO BE SCRAPED],[TO BE SCRAPED],[TO BE SCRAPED],[TO BE SCRAPED]
Just Electrical Sydney Pty Ltd,https://www.justelectricalsydney.com.au/,[TO BE SCRAPED],[TO BE SCRAPED],[TO BE SCRAPED],[TO BE SCRAPED]
360 Degrees Sydney Electrical,http://www.360sydneyelectrical.com.au/,[TO BE SCRAPED],[TO BE SCRAPED],[TO BE SCRAPED],[TO BE SCRAPED]
24/7 Local Electrician,https://247localelectrician.com.au/,[TO BE SCRAPED],[TO BE SCRAPED],[TO BE SCRAPED],[TO BE SCRAPED]
High Demand Electrical,https://www.hdlevel2electriciansydney.com.au/,[TO BE SCRAPED],[TO BE SCRAPED],[TO BE SCRAPED],[TO BE SCRAPED]
Captain Cook Electrical Sydney,https://www.captaincookelectrical.com.au/,[TO BE SCRAPED],[TO BE SCRAPED],[TO BE SCRAPED],[TO BE SCRAPED]
Surry Hills Electrical,https://www.surryhillselectrical.com/,[TO BE SCRAPED],[TO BE SCRAPED],[TO BE SCRAPED],[TO BE SCRAPED]
Everything Electrical Sydney,https://www.everythingelectricalsydney.com.au/,[TO BE SCRAPED],[TO BE SCRAPED],[TO BE SCRAPED],[TO BE SCRAPED]
Hello Electrical | Electrician Sydney,https://www.helloelectrical.com.au/,[TO BE SCRAPED],[TO BE SCRAPED],[TO BE SCRAPED],[TO BE SCRAPED]
Down To Earth Electrical,https://www.downtoearthelectrical.com.au/,[TO BE SCRAPED],[TO BE SCRAPED],[TO BE SCRAPED],[TO BE SCRAPED]
Sparky Nearby,https://sparkynearby.com.au/,[TO BE SCRAPED],[TO BE SCRAPED],[TO BE SCRAPED],[TO BE SCRAPED]
Back's Electrical Sydney & Blue Mountains,https://backselectrical.com.au/,[TO BE SCRAPED],[TO BE SCRAPED],[TO BE SCRAPED],[TO BE SCRAPED]
Electrician To The Rescue,http://www.electriciantotherescue.com.au/,[TO BE SCRAPED],[TO BE SCRAPED],[TO BE SCRAPED],[TO BE SCRAPED]
Sydney Electrical Contractors,https://www.sec24hour.com.au/,[TO BE SCRAPED],[TO BE SCRAPED],[TO BE SCRAPED],[TO BE SCRAPED]
J&J Electrical Solutions Pty Ltd,https://jjelectrical.localchoice.com.au/,[TO BE SCRAPED],[TO BE SCRAPED],[TO BE SCRAPED],[TO BE SCRAPED]
Level 2 Electrician Sydney,http://www.level2electriciansydney.com.au/,[TO BE SCRAPED],[TO BE SCRAPED],[TO BE SCRAPED],[TO BE SCRAPED]
Aussie Electrical And Plumbing Services Sydney,https://www.aussieelectricalandplumbing.com.au/,[TO BE SCRAPED],[TO BE SCRAPED],[TO BE SCRAPED],[TO BE SCRAPED]
Kmelectric,https://kmelectric.com.au/,[TO BE SCRAPED],[TO BE SCRAPED],[TO BE SCRAPED],[TO BE SCRAPED]
AB Electrical & Communications,http://www.abelectricians.com.au/,[TO BE SCRAPED],[TO BE SCRAPED],[TO BE SCRAPED],[TO BE SCRAPED]
Montgomery Electrical,http://montgomeryelectrical.com.au/,[TO BE SCRAPED],[TO BE SCRAPED],[TO BE SCRAPED],[TO BE SCRAPED]
The Sydney Electrical Company Pty Ltd,https://www.sydneyelectricalcompany.com.au/,[TO BE SCRAPED],[TO BE SCRAPED],[TO BE SCRAPED],[TO BE SCRAPED]
ADS Electrical Contracting Pty Ltd,https://www.adselectrical.com.au/,[TO BE SCRAPED],[TO BE SCRAPED],[TO BE SCRAPED],[TO BE SCRAPED]
North Sydney electrical,http://northsydneyelectrical.com.au/,[TO BE SCRAPED],[TO BE SCRAPED],[TO BE SCRAPED],[TO BE SCRAPED]
Lightning Electrical Group,https://lightninggroup.com.au/,[TO BE SCRAPED],[TO BE SCRAPED],[TO BE SCRAPED],[TO BE SCRAPED]
BF Electrical North Sydney,https://bfelectricalnorthsydney.com.au/,[TO BE SCRAPED],[TO BE SCRAPED],[TO BE SCRAPED],[TO BE SCRAPED]
Scott Electrics The Switched On Electricians,https://scottelectrics.com.au/,[TO BE SCRAPED],[TO BE SCRAPED],[TO BE SCRAPED],[TO BE SCRAPED]
